-114.3772315, 35.1682872, "Unnamed Road, Golden Valley, AZ 86413, USA", 
-109.8459802, 43.0343036, "Forest Road 754B, Cora, WY 82925, USA", 
-85.00998109999999, 39.6484495, "North Philomath Road, Liberty, IN 47353, USA", 
-98.47260469999999, 43.3120754, "38500-38560 281st Street, Armour, SD 57313, USA", 
-75.502912, 39.531155, "63 Money Island Road, Salem, NJ 08079, USA", 
-114.6050928, 48.6762329, "Antice Road, Polebridge, MT 59928, USA", 
-93.9436266, 33.0492432, "County Road 5, Doddridge, AR 71834, USA", 
-92.223424, 35.192728, "21 Branch Road, Enola, AR 72047, USA", 
-78.56971899999999, 35.825135, "3213 North New Hope Road, Raleigh, NC 27604, USA", 
